"task_a	",['a'],a = 2
"task_b	",['b'],b = a + 2
"task_c	",['f'],"def f(x):
    return 4"
task_d,['y'],y = f(b)
task_e,['y'],"def func(x):
    y = 1 / (1 + 25 * x ** 2)
    #y = np.sin(x)

    return y


def Lagrangian(j, xn, xp):
    # establish the number of nodes
    n = len(xn)
    # the order of the polynomial will then be n-1

    # set the initial value of the polynomial to 1
    L = 1
    # range of k is from 0 to n-1 (the order of the polynomial)
    for k in range(0, n):
        # exclude the case k == j
        if k != j:
            L *= (xp - xn[k]) / (xn[j] - xn[k])
    return L


def LagInterp(xn, yn, x):
    N = len(xn)
    # establish the order of the interpolating polynomial, N-1
    n = N - 1
    y = np.ndarray(len(x))
    # interpolate for all the values of x in the interpolating range
    for i in range(len(x)):
        # evaluate pn(xp)
        yp = 0
        # use Langrangian polynomial up to n, included
        for j in range(0, n + 1):
            yp += yn[j] * Lagrangian(j, xn, x[i])
        # add the curren value of yp to the list of y
        y[i] = yp
    return y


# the the nodal information, i.e. the list of known nodes xn and values yn
a = 1  # lower interval
b = 2  # upper interval
N = 4  # number of nodes
xn = np.linspace(a, b, N)

yn = func(xn)

# set the domain of interpolation
dx = 0.05
x = np.arange(0, 3 + dx, dx)

y = LagInterp(xn, yn, x)

# plot polynomial in the interpolating range
pl.plot(x,y,c='Red')
# plot the initial nodal info only
pl.scatter(xn,yn,c='Blue')
# plot the actual function
pl.plot(x,func(x),c='Green')
pl.grid()
pl.show()

# compare against slides in class
# plot polynomial in the interpolating range
pl.plot(x,y,c='Red')

p1 = 0.06783 * x + 0.7736
p2 = -0.4884 * x**2 + 1.533 * x -0.2032
p3 = -0.01212 * x**3 -0.43245 * x**2 + 1.4502 * x -0.1641

pl.scatter(x,p3,c='Green')
pl.show()"
